path	category	format	width	height	mode	has_alpha	alpha_min	alpha_max	transparent_pct	opaque_pct	bbox	touches	bbox_coverage_pct	bytes	file_sha256	pixel_sha256
assets/sprites/bld_hq_teal.png	phase-target	PNG	256	256	RGBA	True	0	255	17.891	78.302	0,0,256,256	LTRB	100.0	111110	80e621a8c21cc054d3d4eeae39b79fe3521efe658da9dfd0309b9fb653c67288	23e32aa620923be8ca1113893be94aa80bd7a72c48fcd4e578374a725b8cd74e
assets/sprites/bld_hq_red.png	phase-target	PNG	256	256	RGBA	True	0	255	17.908	78.247	0,0,256,256	LTRB	100.0	109190	3ee19b150f1e72fef5a649f770de2db8aff0ee6f57fbf8f5a7822e5232dc3316	c8991caa9c43df0ad7a3303f0e81b65de27a3733c093007d6f9cd446cf9a6446
assets/sprites/bld_barracks_teal.png	phase-target	PNG	256	256	RGBA	True	0	255	11.121	84.174	6,0,250,256	TB	95.312	72447	50d4d07b6f09466969657422eb3e2c34ac3faed61e46e85ec9418a2d57c6a490	a33fdb57002c0c3ab883c8892699b7013b348f76fb6c3e442bf5f8bd6a29a059
assets/sprites/bld_barracks_red.png	phase-target	PNG	256	256	RGBA	True	0	255	11.125	84.174	6,0,250,256	TB	95.312	72039	33fc6b01f4a483e280e3ff3d3d802d9d7dac7ddb614f206b8e242ef300681dd4	e800443f50fc72b088fc4407730bf651d1e504542d14c93259fe6f3dddf7e9a8
assets/sprites/bld_factory_teal.png	phase-target	PNG	256	256	RGBA	True	0	255	10.428	84.709	0,5,256,251	LR	96.094	77360	b631aaf1f7459b82b36eb0517e1c1f9cacac40a9428853c29d4a3ea7ecd93d53	d2068693a17a7d6b4e495ad2af375b130537b24d4f89ca1c0f7df80dc51efb9b
assets/sprites/bld_factory_red.png	phase-target	PNG	256	256	RGBA	True	0	255	10.483	84.622	0,5,256,251	LR	96.094	77705	56af87cbf8c232c22e192b194f5f704522537259f63a4eb9846167eb941d6f12	adf35089f02182f654996ca10a0b937f35d9e800c90420d085e379ef3f2e4b83
assets/sprites/bld_supply_teal.png	phase-target	PNG	256	256	RGBA	True	0	255	1.724	93.738	0,0,256,256	LTRB	100.0	99704	3d57b211a745ddcf84772fb8c46e5f15db7872313b44b3b614cd7e82c5c91c3f	ec01a8e2eebfac88fc55f553d2df5c4868ed8b70e394b86c48254a1fde43d3ec
assets/sprites/bld_supply_red.png	phase-target	PNG	256	256	RGBA	True	0	255	1.732	93.738	0,0,256,256	LTRB	100.0	99309	9e4e1301fb33d1be91a0a7dd804e0bcd75d41a75588b8a94b24001ac5b388ad8	ee217fc0e790e571e82d8a0aa354e59b3d25558cbb763685751d47bae1802f72
assets/sprites/bld_power_teal.png	phase-target	PNG	256	256	RGBA	True	0	255	20.05	76.086	0,18,256,238	LR	85.938	93828	b8e4d8267db01d804e2322a9bef7fd2a99a83ca10939d53146975eaa00fc59f8	ebb8d5d3b161bd5d16f8225667569275f15caa09157fb254d122de231ea61c66
assets/sprites/bld_power_red.png	phase-target	PNG	256	256	RGBA	True	0	255	20.049	76.106	0,18,256,238	LR	85.938	93885	cc6e61f71ef1e983a3a33278567900a157e7d828897b1e79346ff1d0d7809d88	41c74a89f091bdeebb3c21eae5823d64e939c9f3d52464191642d58643e2d0dd
assets/sprites/bld_refinery_teal.png	phase-target	PNG	256	256	RGBA	True	0	255	31.14	65.262	13,0,243,256	TB	89.844	86554	01ac1879ec3617a37c5b7e45a92e116f4b86f8d6fe9d69b50fc08543d5df5a04	4c387a133b3a11b772bf1ba777258045fb377d4b13537ead2fb1fb97d84e5e1b
assets/sprites/bld_refinery_red.png	phase-target	PNG	256	256	RGBA	True	0	255	31.097	65.379	13,0,243,256	TB	89.844	86447	2608642d729c7c7d279cb88ede4e371f8b15958cdad82d9e97514bfe23928c6f	aafec95c1773b7806a5d4e00855939b4ed487e66648576d5e865b053c8d69fca
assets/sprites/bld_airpad_teal.png	phase-target	PNG	256	256	RGBA	True	0	255	3.044	92.134	1,0,254,256	TB	98.828	76044	c7e996051d2e9ab8323bfdfb506b1782468f2df0339a1d90a477ff0205b919fa	7d98701e91911f3bbc2138c948e12b8b4c43acd7d74764df82ec68ade86c96b6
assets/sprites/bld_airpad_red.png	phase-target	PNG	256	256	RGBA	True	0	255	3.05	92.128	1,0,254,256	TB	98.828	75712	cf82d3b1a93eb8d702f21e50624a78251172aae1be0ca090a84bda24ac33c355	db21db0a165491d4f6120f00dc4972ea56d569414587b9b1c4ad25026547d781
assets/sprites/bld_silo_teal.png	phase-target	PNG	256	256	RGBA	True	0	255	22.191	73.906	0,0,256,256	LTRB	100.0	101226	4c6d2ca1b11c23554c6708345228d1517f332c68ce0cd849e2a4d372d23974ba	5c223f1d0ccd51d47a472122f7c302af2ff5c19d85e475aa3aa9807e95666869
assets/sprites/bld_silo_red.png	phase-target	PNG	256	256	RGBA	True	0	255	22.206	73.874	0,0,256,256	LTRB	100.0	101297	b482f9de9f7960d8ab273b766aa5592ab47487849ef12705fbf18c150b6ecd82	9a2fae26b25038d9854ee69536f817d222035c0565051a84a66ee2b7d51cd6e7
assets/sprites/bld_turret_teal.png	phase-target	PNG	256	256	RGBA	True	0	255	24.742	71.381	0,3,256,253	LR	97.656	81486	ef068e7a1a1ad6c8ebe982b73ba7f3eeb6a2cdc322931e2e6bf26dde5bf98c0b	c6c0e3fbf098c60b15d94f8ae28f19b61edf775a5c6c904998057ac96f69c95e
assets/sprites/bld_turret_red.png	phase-target	PNG	256	256	RGBA	True	0	255	24.786	71.344	0,3,256,253	LR	97.656	81964	b4e55563d1b92d25829b319ef35b8d91931714ea58df229596c36aee8daa1770	bc20fd955649a39f42bd04a4cc9350f75a669abd16d63ffe039c926e0359a40e
assets/sprites/bld_flak_teal.png	phase-target	PNG	256	256	RGBA	True	0	255	1.923	92.207	0,0,256,256	LTRB	100.0	83551	baa8f9338c9036c4b68b5f5fca791e06efdb36b8410bb1384c9a706cdc3ca28b	ee9481abeb85eaca6885767211c0b4d11463dd887292cb1500eccf0225cd99b5
assets/sprites/bld_flak_red.png	phase-target	PNG	256	256	RGBA	True	0	255	1.917	92.207	0,0,256,256	LTRB	100.0	83285	f89f3ea299f1e60d03b245bde39181dc09f5e913ebbb8c280e948a98763dc83d	b115a58f0e03cff6bd68bf17fe55d76fb4498200a25b6c616842866c0acc1922
assets/sprites/turret_gun_teal.png	phase-target	PNG	256	256	RGBA	True	0	255	65.341	30.183	53,0,203,256	TB	58.594	42278	2ebe157eaf2420538ef9e387672a374508c7fe7f55853df774eb246363049bd4	e69bc87086959ef9ecdb359bad53c6611bd4ee0a952c81d299c1b7d76e405281
assets/sprites/turret_gun_red.png	phase-target	PNG	256	256	RGBA	True	0	255	65.359	30.185	53,0,203,256	TB	58.594	42410	9d7b90d2be35a979fb272844218eae0256df76ce5c208ef3dbd65fac7cf5d7cb	d87855eb5d1b4d29c2263c9be3634b990ca3f7dab7f47da1735d808ddb5d21bd
assets/sprites/bld_shipyard_teal.png	phase-benchmark	PNG	256	180	RGBA	True	0	255	45.373	49.529	9,24,253,171		77.839	65808	e90afa4dbe8e3dc8ba314f86900b3c19c76010822ef7ffaf9e4e883f19c411e3	03d784560321fd58b47051cf8c8e081e5fba6265f565360c22e2aa0bf9ae6a24
assets/sprites/bld_skiff.png	phase-benchmark	PNG	256	140	RGBA	True	0	255	33.864	1.256	0,9,253,130	L	85.416	58500	8c84a866aa27288ff96986bc2703e34e9588e61ee43e9ad90545bfb16292609a	a7488c7d336a93b8befd00804a63935915ad823ce5bd62ab4a2e46fd714d2381
assets/sprites/unit_carrier_teal.png	phase-benchmark	PNG	256	256	RGBA	True	0	255	79.404	0.562	92,8,166,247		26.987	35267	173b0714e5979276e64e430a49805eaca5feae23ec3d986108a0a3ed60187efb	45683d6078c71d3b883218625b469e274f25e4fd1fe4efc38f7ff50cac730f2b
